2025-04-15 00:08:30,1772,USDC/ETH,0.95,INVESTIR
2025-04-15 00:18:30,1773,USDC/ETH,0.95,INVESTIR
2025-04-15 00:28:30,1774,USDC/ETH,0.95,INVESTIR
2025-04-15 00:38:30,1775,USDC/ETH,0.95,INVESTIR
2025-04-15 00:48:32,1776,USDC/ETH,0.95,INVESTIR
2025-04-15 00:58:32,1777,USDC/ETH,0.95,INVESTIR
2025-04-15 01:08:32,1778,USDC/ETH,0.95,INVESTIR
2025-04-15 01:18:32,1779,USDC/ETH,0.95,INVESTIR
2025-04-15 01:28:32,1780,USDC/ETH,0.95,INVESTIR
2025-04-15 01:38:32,1781,USDC/ETH,0.95,INVESTIR
2025-04-15 01:48:32,1782,USDC/ETH,0.95,INVESTIR
2025-04-15 01:58:32,1783,USDC/ETH,0.95,INVESTIR
2025-04-15 02:08:32,1784,USDC/ETH,0.95,INVESTIR
2025-04-15 02:18:32,1785,USDC/ETH,0.95,INVESTIR
2025-04-15 02:28:32,1786,USDC/ETH,0.95,INVESTIR
2025-04-15 02:38:32,1787,USDC/ETH,0.95,INVESTIR
2025-04-15 02:48:32,1788,USDC/ETH,0.95,INVESTIR
2025-04-15 02:58:32,1789,USDC/ETH,0.95,INVESTIR
2025-04-15 03:08:32,1790,USDC/ETH,0.95,INVESTIR
2025-04-15 03:18:32,1791,USDC/ETH,0.95,INVESTIR
2025-04-15 03:28:32,1792,USDC/ETH,0.95,INVESTIR
2025-04-15 03:38:32,1793,USDC/ETH,0.95,INVESTIR
2025-04-15 03:48:32,1794,USDC/ETH,0.95,INVESTIR
2025-04-15 03:58:32,1795,USDC/ETH,0.95,INVESTIR
2025-04-15 04:08:32,1796,USDC/ETH,0.95,INVESTIR
2025-04-15 04:18:32,1797,USDC/ETH,0.95,INVESTIR
2025-04-15 04:28:32,1798,USDC/ETH,0.95,INVESTIR
2025-04-15 04:38:32,1799,USDC/ETH,0.95,INVESTIR
2025-04-15 04:48:33,1800,USDC/ETH,0.95,INVESTIR
2025-04-15 04:58:33,1801,USDC/ETH,0.95,INVESTIR
2025-04-15 05:08:33,1802,USDC/ETH,0.95,INVESTIR
2025-04-15 05:18:33,1803,USDC/ETH,0.95,INVESTIR
2025-04-15 05:28:33,1804,USDC/ETH,0.95,INVESTIR
2025-04-15 05:38:33,1805,USDC/ETH,0.95,INVESTIR
2025-04-15 05:48:33,1806,USDC/ETH,0.95,INVESTIR
2025-04-15 05:58:33,1807,USDC/ETH,0.95,INVESTIR
2025-04-15 06:08:33,1808,USDC/ETH,0.95,INVESTIR
2025-04-15 06:18:33,1809,USDC/ETH,0.95,INVESTIR
2025-04-15 06:28:33,1810,USDC/ETH,0.95,INVESTIR
2025-04-15 06:38:33,1811,USDC/ETH,0.95,INVESTIR
2025-04-15 06:48:33,1812,USDC/ETH,0.95,INVESTIR
2025-04-15 06:58:33,1813,USDC/ETH,0.95,INVESTIR
2025-04-15 07:08:33,1814,USDC/ETH,0.95,INVESTIR
2025-04-15 07:18:33,1815,USDC/ETH,0.95,INVESTIR
2025-04-15 07:28:33,1816,USDC/ETH,0.95,INVESTIR
2025-04-15 07:38:33,1817,USDC/ETH,0.95,INVESTIR
2025-04-15 07:48:33,1818,USDC/ETH,0.95,INVESTIR
2025-04-15 07:58:33,1819,USDC/ETH,0.95,INVESTIR
2025-04-15 08:08:33,1820,USDC/ETH,0.95,INVESTIR
2025-04-15 08:18:33,1821,USDC/ETH,0.95,INVESTIR
2025-04-15 08:28:33,1822,USDC/ETH,0.95,INVESTIR
2025-04-15 08:38:33,1823,USDC/ETH,0.95,INVESTIR
2025-04-15 08:48:33,1824,USDC/ETH,0.95,INVESTIR
2025-04-15 08:58:33,1825,USDC/ETH,0.95,INVESTIR
2025-04-15 09:08:33,1826,USDC/ETH,0.95,INVESTIR
2025-04-15 09:18:33,1827,USDC/ETH,0.95,INVESTIR
2025-04-15 09:28:34,1828,USDC/ETH,0.95,INVESTIR
2025-04-15 09:38:34,1829,USDC/ETH,0.95,INVESTIR
2025-04-15 09:48:34,1830,USDC/ETH,0.95,INVESTIR
2025-04-15 09:58:35,1831,USDC/ETH,0.95,INVESTIR
2025-04-15 10:08:35,1832,USDC/ETH,0.95,INVESTIR
2025-04-15 10:18:35,1833,USDC/ETH,0.95,INVESTIR
2025-04-15 10:28:35,1834,USDC/ETH,0.95,INVESTIR
2025-04-15 10:38:35,1835,USDC/ETH,0.95,INVESTIR
2025-04-15 10:48:36,1836,USDC/ETH,0.95,INVESTIR
2025-04-15 10:58:36,1837,USDC/ETH,0.95,INVESTIR
2025-04-15 11:08:36,1838,USDC/ETH,0.95,INVESTIR
2025-04-15 11:18:36,1839,USDC/ETH,0.95,INVESTIR
2025-04-15 11:28:36,1840,USDC/ETH,0.95,INVESTIR
2025-04-15 11:38:36,1841,USDC/ETH,0.95,INVESTIR
2025-04-15 11:48:36,1842,USDC/ETH,0.95,INVESTIR
2025-04-15 11:58:36,1843,USDC/ETH,0.95,INVESTIR
2025-04-15 12:08:36,1844,USDC/ETH,0.95,INVESTIR
2025-04-15 12:18:36,1845,USDC/ETH,0.95,INVESTIR
2025-04-15 12:28:36,1846,USDC/ETH,0.95,INVESTIR
2025-04-15 12:38:36,1847,USDC/ETH,0.95,INVESTIR
2025-04-15 12:48:36,1848,USDC/ETH,0.95,INVESTIR
2025-04-15 12:58:36,1849,USDC/ETH,0.95,INVESTIR
2025-04-15 13:08:36,1850,USDC/ETH,0.95,INVESTIR
2025-04-15 13:18:36,1851,USDC/ETH,0.95,INVESTIR
2025-04-15 13:28:36,1852,USDC/ETH,0.95,INVESTIR
2025-04-15 13:38:36,1853,USDC/ETH,0.95,INVESTIR
2025-04-15 13:48:36,1854,USDC/ETH,0.95,INVESTIR
2025-04-15 13:58:36,1855,USDC/ETH,0.95,INVESTIR
2025-04-15 14:08:36,1856,USDC/ETH,0.95,INVESTIR
2025-04-15 14:18:36,1857,USDC/ETH,0.95,INVESTIR
2025-04-15 14:28:36,1858,USDC/ETH,0.95,INVESTIR
2025-04-15 14:38:36,1859,USDC/ETH,0.95,INVESTIR
2025-04-15 14:48:36,1860,USDC/ETH,0.95,INVESTIR
2025-04-15 14:58:36,1861,USDC/ETH,0.95,INVESTIR
2025-04-15 15:08:37,1862,USDC/ETH,0.95,INVESTIR
2025-04-15 15:18:37,1863,USDC/ETH,0.95,INVESTIR
2025-04-15 15:28:37,1864,USDC/ETH,0.95,INVESTIR
2025-04-15 15:38:37,1865,USDC/ETH,0.95,INVESTIR
2025-04-15 15:48:37,1866,USDC/ETH,0.95,INVESTIR
2025-04-15 15:58:37,1867,USDC/ETH,0.95,INVESTIR
2025-04-15 16:08:37,1868,USDC/ETH,0.95,INVESTIR
2025-04-15 16:18:37,1869,USDC/ETH,0.95,INVESTIR
2025-04-15 16:28:37,1870,USDC/ETH,0.95,INVESTIR
2025-04-15 16:38:37,1871,USDC/ETH,0.95,INVESTIR
2025-04-15 16:48:37,1872,USDC/ETH,0.95,INVESTIR
2025-04-15 16:58:37,1873,USDC/ETH,0.95,INVESTIR
2025-04-15 17:08:37,1874,USDC/ETH,0.95,INVESTIR
2025-04-15 17:18:37,1875,USDC/ETH,0.95,INVESTIR
2025-04-15 17:28:37,1876,USDC/ETH,0.95,INVESTIR
2025-04-15 17:38:37,1877,USDC/ETH,0.95,INVESTIR
2025-04-15 17:48:37,1878,USDC/ETH,0.95,INVESTIR
2025-04-15 17:58:37,1879,USDC/ETH,0.95,INVESTIR
2025-04-15 18:08:37,1880,USDC/ETH,0.95,INVESTIR
2025-04-15 18:18:37,1881,USDC/ETH,0.95,INVESTIR
2025-04-15 18:28:37,1882,USDC/ETH,0.95,INVESTIR
2025-04-15 18:38:37,1883,USDC/ETH,0.95,INVESTIR
2025-04-15 18:48:37,1884,USDC/ETH,0.95,INVESTIR
2025-04-15 18:58:39,1885,USDC/ETH,0.95,INVESTIR
2025-04-15 19:08:39,1886,USDC/ETH,0.95,INVESTIR
2025-04-15 19:18:39,1887,USDC/ETH,0.95,INVESTIR
2025-04-15 19:28:39,1888,USDC/ETH,0.95,INVESTIR
2025-04-15 19:38:39,1889,USDC/ETH,0.95,INVESTIR
2025-04-15 19:48:39,1890,USDC/ETH,0.95,INVESTIR
2025-04-15 19:58:39,1891,USDC/ETH,0.95,INVESTIR
2025-04-15 20:08:39,1892,USDC/ETH,0.95,INVESTIR
2025-04-15 20:18:39,1893,USDC/ETH,0.95,INVESTIR
2025-04-15 20:28:40,1894,USDC/ETH,0.95,INVESTIR
2025-04-15 20:38:40,1895,USDC/ETH,0.95,INVESTIR
2025-04-15 20:48:40,1896,USDC/ETH,0.95,INVESTIR
2025-04-15 20:58:40,1897,USDC/ETH,0.95,INVESTIR
2025-04-15 21:08:40,1898,USDC/ETH,0.95,INVESTIR
2025-04-15 21:18:40,1899,USDC/ETH,0.95,INVESTIR
2025-04-15 21:28:40,1900,USDC/ETH,0.95,INVESTIR
2025-04-15 21:38:40,1901,USDC/ETH,0.95,INVESTIR
2025-04-15 21:48:40,1902,USDC/ETH,0.95,INVESTIR
2025-04-15 21:58:40,1903,USDC/ETH,0.95,INVESTIR
2025-04-15 22:08:40,1904,USDC/ETH,0.95,INVESTIR
2025-04-15 22:18:40,1905,USDC/ETH,0.95,INVESTIR
2025-04-15 22:28:40,1906,USDC/ETH,0.95,INVESTIR
2025-04-15 22:38:40,1907,USDC/ETH,0.95,INVESTIR
2025-04-15 22:48:40,1908,USDC/ETH,0.95,INVESTIR
2025-04-15 22:58:40,1909,USDC/ETH,0.95,INVESTIR
2025-04-15 23:08:40,1910,USDC/ETH,0.95,INVESTIR
2025-04-15 23:18:40,1911,USDC/ETH,0.95,INVESTIR
2025-04-15 23:28:40,1912,USDC/ETH,0.95,INVESTIR
2025-04-15 23:38:40,1913,USDC/ETH,0.95,INVESTIR
2025-04-15 23:48:40,1914,USDC/ETH,0.95,INVESTIR
2025-04-15 23:58:40,1915,USDC/ETH,0.95,INVESTIR
