2025-04-04 00:06:46,188,USDC/ETH,0.95,INVESTIR
2025-04-04 00:16:46,189,USDC/ETH,0.95,INVESTIR
2025-04-04 00:26:46,190,USDC/ETH,0.95,INVESTIR
2025-04-04 00:36:46,191,USDC/ETH,0.95,INVESTIR
2025-04-04 00:46:46,192,USDC/ETH,0.95,INVESTIR
2025-04-04 00:56:48,193,USDC/ETH,0.95,INVESTIR
2025-04-04 01:06:48,194,USDC/ETH,0.95,INVESTIR
2025-04-04 01:16:48,195,USDC/ETH,0.95,INVESTIR
2025-04-04 01:26:48,196,USDC/ETH,0.95,INVESTIR
2025-04-04 01:36:48,197,USDC/ETH,0.95,INVESTIR
2025-04-04 01:46:48,198,USDC/ETH,0.95,INVESTIR
2025-04-04 01:56:48,199,USDC/ETH,0.95,INVESTIR
2025-04-04 02:06:48,200,USDC/ETH,0.95,INVESTIR
2025-04-04 02:16:48,201,USDC/ETH,0.95,INVESTIR
2025-04-04 02:26:48,202,USDC/ETH,0.95,INVESTIR
2025-04-04 02:36:48,203,USDC/ETH,0.95,INVESTIR
2025-04-04 02:46:48,204,USDC/ETH,0.95,INVESTIR
2025-04-04 02:56:48,205,USDC/ETH,0.95,INVESTIR
2025-04-04 03:06:48,206,USDC/ETH,0.95,INVESTIR
2025-04-04 03:16:48,207,USDC/ETH,0.95,INVESTIR
2025-04-04 03:26:48,208,USDC/ETH,0.95,INVESTIR
2025-04-04 03:36:48,209,USDC/ETH,0.95,INVESTIR
2025-04-04 03:46:48,210,USDC/ETH,0.95,INVESTIR
2025-04-04 03:56:48,211,USDC/ETH,0.95,INVESTIR
2025-04-04 04:06:48,212,USDC/ETH,0.95,INVESTIR
2025-04-04 04:16:48,213,USDC/ETH,0.95,INVESTIR
2025-04-04 04:26:48,214,USDC/ETH,0.95,INVESTIR
2025-04-04 04:36:48,215,USDC/ETH,0.95,INVESTIR
2025-04-04 04:46:48,216,USDC/ETH,0.95,INVESTIR
2025-04-04 04:56:48,217,USDC/ETH,0.95,INVESTIR
2025-04-04 05:06:48,218,USDC/ETH,0.95,INVESTIR
2025-04-04 05:16:48,219,USDC/ETH,0.95,INVESTIR
2025-04-04 05:26:48,220,USDC/ETH,0.95,INVESTIR
2025-04-04 05:36:48,221,USDC/ETH,0.95,INVESTIR
2025-04-04 05:46:48,222,USDC/ETH,0.95,INVESTIR
2025-04-04 05:56:48,223,USDC/ETH,0.95,INVESTIR
2025-04-04 06:06:48,224,USDC/ETH,0.95,INVESTIR
2025-04-04 06:16:48,225,USDC/ETH,0.95,INVESTIR
2025-04-04 06:26:49,226,USDC/ETH,0.95,INVESTIR
2025-04-04 06:36:49,227,USDC/ETH,0.95,INVESTIR
2025-04-04 06:46:49,228,USDC/ETH,0.95,INVESTIR
2025-04-04 06:56:49,229,USDC/ETH,0.95,INVESTIR
2025-04-04 07:06:49,230,USDC/ETH,0.95,INVESTIR
2025-04-04 07:16:49,231,USDC/ETH,0.95,INVESTIR
2025-04-04 07:26:49,232,USDC/ETH,0.95,INVESTIR
2025-04-04 07:36:49,233,USDC/ETH,0.95,INVESTIR
2025-04-04 07:46:49,234,USDC/ETH,0.95,INVESTIR
2025-04-04 07:56:49,235,USDC/ETH,0.95,INVESTIR
2025-04-04 08:06:49,236,USDC/ETH,0.95,INVESTIR
2025-04-04 08:16:49,237,USDC/ETH,0.95,INVESTIR
2025-04-04 08:26:49,238,USDC/ETH,0.95,INVESTIR
2025-04-04 08:36:49,239,USDC/ETH,0.95,INVESTIR
2025-04-04 08:46:49,240,USDC/ETH,0.95,INVESTIR
2025-04-04 08:56:49,241,USDC/ETH,0.95,INVESTIR
2025-04-04 09:06:49,242,USDC/ETH,0.95,INVESTIR
2025-04-04 09:16:49,243,USDC/ETH,0.95,INVESTIR
2025-04-04 09:26:49,244,USDC/ETH,0.95,INVESTIR
2025-04-04 09:36:49,245,USDC/ETH,0.95,INVESTIR
2025-04-04 09:46:49,246,USDC/ETH,0.95,INVESTIR
2025-04-04 09:56:51,247,USDC/ETH,0.95,INVESTIR
2025-04-04 10:06:51,248,USDC/ETH,0.95,INVESTIR
2025-04-04 10:16:51,249,USDC/ETH,0.95,INVESTIR
2025-04-04 10:26:51,250,USDC/ETH,0.95,INVESTIR
2025-04-04 10:36:51,251,USDC/ETH,0.95,INVESTIR
2025-04-04 10:46:51,252,USDC/ETH,0.95,INVESTIR
2025-04-04 10:56:51,253,USDC/ETH,0.95,INVESTIR
2025-04-04 11:06:51,254,USDC/ETH,0.95,INVESTIR
2025-04-04 11:16:51,255,USDC/ETH,0.95,INVESTIR
2025-04-04 11:26:51,256,USDC/ETH,0.95,INVESTIR
2025-04-04 11:36:51,257,USDC/ETH,0.95,INVESTIR
2025-04-04 11:46:51,258,USDC/ETH,0.95,INVESTIR
2025-04-04 11:56:51,259,USDC/ETH,0.95,INVESTIR
2025-04-04 12:06:51,260,USDC/ETH,0.95,INVESTIR
2025-04-04 12:16:51,261,USDC/ETH,0.95,INVESTIR
2025-04-04 12:26:51,262,USDC/ETH,0.95,INVESTIR
2025-04-04 12:36:51,263,USDC/ETH,0.95,INVESTIR
2025-04-04 12:46:51,264,USDC/ETH,0.95,INVESTIR
2025-04-04 12:56:51,265,USDC/ETH,0.95,INVESTIR
2025-04-04 13:06:51,266,USDC/ETH,0.95,INVESTIR
2025-04-04 13:16:51,267,USDC/ETH,0.95,INVESTIR
2025-04-04 13:26:51,268,USDC/ETH,0.95,INVESTIR
2025-04-04 13:36:51,269,USDC/ETH,0.95,INVESTIR
2025-04-04 13:46:51,270,USDC/ETH,0.95,INVESTIR
2025-04-04 13:56:51,271,USDC/ETH,0.95,INVESTIR
2025-04-04 14:06:52,272,USDC/ETH,0.95,INVESTIR
2025-04-04 14:16:52,273,USDC/ETH,0.95,INVESTIR
2025-04-04 14:26:52,274,USDC/ETH,0.95,INVESTIR
2025-04-04 14:36:52,275,USDC/ETH,0.95,INVESTIR
2025-04-04 14:46:52,276,USDC/ETH,0.95,INVESTIR
2025-04-04 14:56:52,277,USDC/ETH,0.95,INVESTIR
2025-04-04 15:06:52,278,USDC/ETH,0.95,INVESTIR
2025-04-04 15:16:52,279,USDC/ETH,0.95,INVESTIR
2025-04-04 15:26:52,280,USDC/ETH,0.95,INVESTIR
2025-04-04 15:36:52,281,USDC/ETH,0.95,INVESTIR
2025-04-04 15:46:52,282,USDC/ETH,0.95,INVESTIR
2025-04-04 15:56:52,283,USDC/ETH,0.95,INVESTIR
2025-04-04 16:06:52,284,USDC/ETH,0.95,INVESTIR
2025-04-04 16:16:52,285,USDC/ETH,0.95,INVESTIR
2025-04-04 16:26:52,286,USDC/ETH,0.95,INVESTIR
2025-04-04 16:36:52,287,USDC/ETH,0.95,INVESTIR
2025-04-04 16:46:52,288,USDC/ETH,0.95,INVESTIR
2025-04-04 16:56:52,289,USDC/ETH,0.95,INVESTIR
2025-04-04 17:06:52,290,USDC/ETH,0.95,INVESTIR
2025-04-04 17:16:52,291,USDC/ETH,0.95,INVESTIR
2025-04-04 17:26:52,292,USDC/ETH,0.95,INVESTIR
2025-04-04 17:36:52,293,USDC/ETH,0.95,INVESTIR
2025-04-04 17:46:52,294,USDC/ETH,0.95,INVESTIR
2025-04-04 17:56:52,295,USDC/ETH,0.95,INVESTIR
2025-04-04 18:06:52,296,USDC/ETH,0.95,INVESTIR
2025-04-04 18:16:52,297,USDC/ETH,0.95,INVESTIR
2025-04-04 18:26:52,298,USDC/ETH,0.95,INVESTIR
2025-04-04 18:36:52,299,USDC/ETH,0.95,INVESTIR
2025-04-04 18:46:52,300,USDC/ETH,0.95,INVESTIR
2025-04-04 18:56:52,301,USDC/ETH,0.95,INVESTIR
2025-04-04 19:06:54,302,USDC/ETH,0.95,INVESTIR
2025-04-04 19:16:54,303,USDC/ETH,0.95,INVESTIR
2025-04-04 19:26:54,304,USDC/ETH,0.95,INVESTIR
2025-04-04 19:36:54,305,USDC/ETH,0.95,INVESTIR
2025-04-04 19:46:54,306,USDC/ETH,0.95,INVESTIR
2025-04-04 19:56:54,307,USDC/ETH,0.95,INVESTIR
2025-04-04 20:06:54,308,USDC/ETH,0.95,INVESTIR
2025-04-04 20:16:54,309,USDC/ETH,0.95,INVESTIR
2025-04-04 20:26:54,310,USDC/ETH,0.95,INVESTIR
2025-04-04 20:36:54,311,USDC/ETH,0.95,INVESTIR
2025-04-04 20:46:54,312,USDC/ETH,0.95,INVESTIR
2025-04-04 20:56:54,313,USDC/ETH,0.95,INVESTIR
2025-04-04 21:06:54,314,USDC/ETH,0.95,INVESTIR
2025-04-04 21:16:54,315,USDC/ETH,0.95,INVESTIR
2025-04-04 21:26:54,316,USDC/ETH,0.95,INVESTIR
2025-04-04 21:36:55,317,USDC/ETH,0.95,INVESTIR
2025-04-04 21:46:55,318,USDC/ETH,0.95,INVESTIR
2025-04-04 21:56:55,319,USDC/ETH,0.95,INVESTIR
2025-04-04 22:06:55,320,USDC/ETH,0.95,INVESTIR
2025-04-04 22:16:55,321,USDC/ETH,0.95,INVESTIR
2025-04-04 22:26:55,322,USDC/ETH,0.95,INVESTIR
2025-04-04 22:36:55,323,USDC/ETH,0.95,INVESTIR
2025-04-04 22:46:55,324,USDC/ETH,0.95,INVESTIR
2025-04-04 22:56:55,325,USDC/ETH,0.95,INVESTIR
2025-04-04 23:06:55,326,USDC/ETH,0.95,INVESTIR
2025-04-04 23:16:55,327,USDC/ETH,0.95,INVESTIR
2025-04-04 23:26:55,328,USDC/ETH,0.95,INVESTIR
2025-04-04 23:36:55,329,USDC/ETH,0.95,INVESTIR
2025-04-04 23:46:55,330,USDC/ETH,0.95,INVESTIR
2025-04-04 23:56:55,331,USDC/ETH,0.95,INVESTIR
