2025-04-21 00:09:30,2636,USDC/ETH,0.95,INVESTIR
2025-04-21 00:19:30,2637,USDC/ETH,0.95,INVESTIR
2025-04-21 00:29:30,2638,USDC/ETH,0.95,INVESTIR
2025-04-21 00:39:30,2639,USDC/ETH,0.95,INVESTIR
2025-04-21 00:49:30,2640,USDC/ETH,0.95,INVESTIR
2025-04-21 00:59:30,2641,USDC/ETH,0.95,INVESTIR
2025-04-21 01:09:30,2642,USDC/ETH,0.95,INVESTIR
2025-04-21 01:19:30,2643,USDC/ETH,0.95,INVESTIR
2025-04-21 01:29:30,2644,USDC/ETH,0.95,INVESTIR
2025-04-21 01:39:30,2645,USDC/ETH,0.95,INVESTIR
2025-04-21 01:49:30,2646,USDC/ETH,0.95,INVESTIR
2025-04-21 01:59:30,2647,USDC/ETH,0.95,INVESTIR
2025-04-21 02:09:30,2648,USDC/ETH,0.95,INVESTIR
2025-04-21 02:19:30,2649,USDC/ETH,0.95,INVESTIR
2025-04-21 02:29:32,2650,USDC/ETH,0.95,INVESTIR
2025-04-21 02:39:32,2651,USDC/ETH,0.95,INVESTIR
2025-04-21 02:49:32,2652,USDC/ETH,0.95,INVESTIR
2025-04-21 02:59:32,2653,USDC/ETH,0.95,INVESTIR
2025-04-21 03:09:32,2654,USDC/ETH,0.95,INVESTIR
2025-04-21 03:19:32,2655,USDC/ETH,0.95,INVESTIR
2025-04-21 03:29:32,2656,USDC/ETH,0.95,INVESTIR
2025-04-21 03:39:32,2657,USDC/ETH,0.95,INVESTIR
2025-04-21 03:49:32,2658,USDC/ETH,0.95,INVESTIR
2025-04-21 03:59:32,2659,USDC/ETH,0.95,INVESTIR
2025-04-21 04:09:32,2660,USDC/ETH,0.95,INVESTIR
2025-04-21 04:19:32,2661,USDC/ETH,0.95,INVESTIR
2025-04-21 04:29:32,2662,USDC/ETH,0.95,INVESTIR
2025-04-21 04:39:32,2663,USDC/ETH,0.95,INVESTIR
2025-04-21 04:49:32,2664,USDC/ETH,0.95,INVESTIR
2025-04-21 04:59:33,2665,USDC/ETH,0.95,INVESTIR
2025-04-21 05:09:33,2666,USDC/ETH,0.95,INVESTIR
2025-04-21 05:19:33,2667,USDC/ETH,0.95,INVESTIR
2025-04-21 05:29:33,2668,USDC/ETH,0.95,INVESTIR
2025-04-21 05:39:33,2669,USDC/ETH,0.95,INVESTIR
2025-04-21 05:49:33,2670,USDC/ETH,0.95,INVESTIR
2025-04-21 05:59:33,2671,USDC/ETH,0.95,INVESTIR
2025-04-21 06:09:33,2672,USDC/ETH,0.95,INVESTIR
2025-04-21 06:19:33,2673,USDC/ETH,0.95,INVESTIR
2025-04-21 06:29:33,2674,USDC/ETH,0.95,INVESTIR
2025-04-21 06:39:33,2675,USDC/ETH,0.95,INVESTIR
2025-04-21 06:49:33,2676,USDC/ETH,0.95,INVESTIR
2025-04-21 06:59:33,2677,USDC/ETH,0.95,INVESTIR
2025-04-21 07:09:33,2678,USDC/ETH,0.95,INVESTIR
2025-04-21 07:19:33,2679,USDC/ETH,0.95,INVESTIR
2025-04-21 07:29:33,2680,USDC/ETH,0.95,INVESTIR
2025-04-21 07:39:33,2681,USDC/ETH,0.95,INVESTIR
2025-04-21 07:49:33,2682,USDC/ETH,0.95,INVESTIR
2025-04-21 07:59:33,2683,USDC/ETH,0.95,INVESTIR
2025-04-21 08:09:33,2684,USDC/ETH,0.95,INVESTIR
2025-04-21 08:19:33,2685,USDC/ETH,0.95,INVESTIR
2025-04-21 08:29:33,2686,USDC/ETH,0.95,INVESTIR
2025-04-21 08:39:33,2687,USDC/ETH,0.95,INVESTIR
2025-04-21 08:49:33,2688,USDC/ETH,0.95,INVESTIR
2025-04-21 08:59:33,2689,USDC/ETH,0.95,INVESTIR
2025-04-21 09:09:33,2690,USDC/ETH,0.95,INVESTIR
2025-04-21 09:19:33,2691,USDC/ETH,0.95,INVESTIR
2025-04-21 09:29:33,2692,USDC/ETH,0.95,INVESTIR
2025-04-21 09:39:33,2693,USDC/ETH,0.95,INVESTIR
2025-04-21 09:49:33,2694,USDC/ETH,0.95,INVESTIR
2025-04-21 09:59:34,2695,USDC/ETH,0.95,INVESTIR
2025-04-21 10:09:34,2696,USDC/ETH,0.95,INVESTIR
2025-04-21 10:19:34,2697,USDC/ETH,0.95,INVESTIR
2025-04-21 10:29:34,2698,USDC/ETH,0.95,INVESTIR
2025-04-21 10:39:34,2699,USDC/ETH,0.95,INVESTIR
2025-04-21 10:49:34,2700,USDC/ETH,0.95,INVESTIR
2025-04-21 10:59:34,2701,USDC/ETH,0.95,INVESTIR
2025-04-21 11:09:34,2702,USDC/ETH,0.95,INVESTIR
2025-04-21 11:19:34,2703,USDC/ETH,0.95,INVESTIR
2025-04-21 11:29:34,2704,USDC/ETH,0.95,INVESTIR
2025-04-21 11:39:36,2705,USDC/ETH,0.95,INVESTIR
2025-04-21 11:49:36,2706,USDC/ETH,0.95,INVESTIR
2025-04-21 11:59:36,2707,USDC/ETH,0.95,INVESTIR
2025-04-21 12:09:36,2708,USDC/ETH,0.95,INVESTIR
2025-04-21 12:19:36,2709,USDC/ETH,0.95,INVESTIR
2025-04-21 12:29:36,2710,USDC/ETH,0.95,INVESTIR
2025-04-21 12:39:36,2711,USDC/ETH,0.95,INVESTIR
2025-04-21 12:49:36,2712,USDC/ETH,0.95,INVESTIR
2025-04-21 12:59:36,2713,USDC/ETH,0.95,INVESTIR
2025-04-21 13:09:36,2714,USDC/ETH,0.95,INVESTIR
2025-04-21 13:19:36,2715,USDC/ETH,0.95,INVESTIR
2025-04-21 13:29:36,2716,USDC/ETH,0.95,INVESTIR
2025-04-21 13:39:36,2717,USDC/ETH,0.95,INVESTIR
2025-04-21 13:49:36,2718,USDC/ETH,0.95,INVESTIR
2025-04-21 13:59:36,2719,USDC/ETH,0.95,INVESTIR
2025-04-21 14:09:36,2720,USDC/ETH,0.95,INVESTIR
2025-04-21 14:19:36,2721,USDC/ETH,0.95,INVESTIR
2025-04-21 14:29:36,2722,USDC/ETH,0.95,INVESTIR
2025-04-21 14:39:36,2723,USDC/ETH,0.95,INVESTIR
2025-04-21 14:49:36,2724,USDC/ETH,0.95,INVESTIR
2025-04-21 14:59:36,2725,USDC/ETH,0.95,INVESTIR
2025-04-21 15:09:36,2726,USDC/ETH,0.95,INVESTIR
2025-04-21 15:19:36,2727,USDC/ETH,0.95,INVESTIR
2025-04-21 15:29:36,2728,USDC/ETH,0.95,INVESTIR
2025-04-21 15:39:36,2729,USDC/ETH,0.95,INVESTIR
2025-04-21 15:49:36,2730,USDC/ETH,0.95,INVESTIR
2025-04-21 15:59:36,2731,USDC/ETH,0.95,INVESTIR
2025-04-21 16:09:37,2732,USDC/ETH,0.95,INVESTIR
2025-04-21 16:19:37,2733,USDC/ETH,0.95,INVESTIR
2025-04-21 16:29:37,2734,USDC/ETH,0.95,INVESTIR
2025-04-21 16:39:37,2735,USDC/ETH,0.95,INVESTIR
2025-04-21 16:49:37,2736,USDC/ETH,0.95,INVESTIR
2025-04-21 16:59:37,2737,USDC/ETH,0.95,INVESTIR
2025-04-21 17:09:37,2738,USDC/ETH,0.95,INVESTIR
2025-04-21 17:19:37,2739,USDC/ETH,0.95,INVESTIR
