{
  "prudent": {
    "nom": "prudent",
    "apy": 0.2,
    "volume": 0.2,
    "tvl": 0.3,
    "stability": 0.2,
    "risk": -0.1,
    "seuil_score": 0.7,
    "max_pools": 2
  },
  "modéré": {
    "nom": "modéré",
    "apy": 0.3,
    "volume": 0.25,
    "tvl": 0.2,
    "stability": 0.2,
    "risk": -0.05,
    "seuil_score": 0.6,
    "max_pools": 3
  },
  "agressif": {
    "nom": "agressif",
    "apy": 0.4,
    "volume": 0.3,
    "tvl": 0.1,
    "stability": 0.1,
    "risk": 0,
    "seuil_score": 0.5,
    "max_pools": 5
  }
}
